{
  "BC_DMP":
  {
    "@xmlns": "https://dd.info-rac.org/namespaces/4",
    "@xmlns:xsi": "http://www.w3.org/2001/XMLSchema-instance",
    "@xsi:schemaLocation": "https://dd.info-rac.org/namespaces/4 https://dd.info-rac.org/v2/dataset/20/schema-dst-20.xsd",
    "country": null,
    "contacting_party":
    {
      "partyname": "AL",
      "rep_period_from": "0011-11-11",
      "rep_period_to": "0111-11-11",
      "institution_name": 11,
      "officer_name": 2,
      "mailing_address": 3,
      "tel": 4,
      "fax": 5,
      "email": 6,
      "contact_point": 7,
      "instituion_full_name": 8,
      "national_mailing_address": 9,
      "national_tel": 10,
      "national_fax": 11,
      "national_email": 12,
      "national_signature": 13,
      "national_date": "12512-12-05",
      "org_name": 14,
      "org_contact_point": 15,
      "org_tel": 16,
      "org_fax": 17,
      "org_email": 18
    },
    "measuresdata":
    {
      "Row": [
      {
        "description": "Prohibition of dumping of wastes and other matter with the exception of those listed in Article4.2",
        "parent_collection_id": null,
        "collection_id": null,
        "changes": true,
        "difficulties": null,
        "difficulties_comments": 111111,
        "status": 1,
        "status_comments": "safsasgas"
      },
      {
        "description": "Dumping of wastes and other matter listed in Article 4.2 is subject to a prior special permit from the designated competent national authority or authorities in conformity with the criteria set forth in the Annex to the Protocol and the related Guidelines adopted by the Meetings of the Contracting Parties",
        "parent_collection_id": null,
        "collection_id": null,
        "changes": false,
        "difficulties": null,
        "difficulties_comments": "zzzzzzzz",
        "status": 2,
        "status_comments": null
      },
      {
        "description": "Designated competent national authority or authorities keep(s) records of the nature and quantities of the waste or other matter, dumping location and method",
        "parent_collection_id": null,
        "collection_id": null,
        "changes": false,
        "difficulties": null,
        "difficulties_comments": "aaaaaaaa",
        "status": 1,
        "status_comments": 5235325
      },
      {
        "description": "Prohibition of incineration at sea",
        "parent_collection_id": null,
        "collection_id": null,
        "changes": true,
        "difficulties": null,
        "difficulties_comments": 1255555,
        "status": 1,
        "status_comments": "bbbbbbbbb"
      },
      {
        "description": "Force majeure dumping at sea is conducted under the conditions set out in Article 8 and reported to UNEP/MAP Secretariat immediately",
        "parent_collection_id": null,
        "collection_id": null,
        "changes": null,
        "difficulties": null,
        "difficulties_comments": null,
        "status": null,
        "status_comments": null
      },
      {
        "description": "Critical dumping at sea is conducted under the conditions set out in Article 95 and UNEP/MAP Secretariat consulted immediately",
        "parent_collection_id": null,
        "collection_id": null,
        "changes": null,
        "difficulties": null,
        "difficulties_comments": null,
        "status": null,
        "status_comments": null
      },
      {
        "description": "Dumping permits provided for in Article 5 are issued for wastes or other matter loaded in your territory or loaded in the territory of a non-Contracting Party",
        "parent_collection_id": null,
        "collection_id": null,
        "changes": null,
        "difficulties": null,
        "difficulties_comments": null,
        "status": null,
        "status_comments": null
      },
      {
        "description": "Application of measures to implement this Protocol to your vessels and aircrafts, those loading in your territory and those believed to be engaged in dumping in areas under your jurisdiction.",
        "parent_collection_id": null,
        "collection_id": null,
        "changes": null,
        "difficulties": null,
        "difficulties_comments": null,
        "status": null,
        "status_comments": null
      },
      {
        "description": "Issuing of instructions to maritime inspection ships and aircraft and other appropriate services to report to the relevant national authorities any incidents or conditions giving rise to suspicions that dumping in contravention to the Protocol had occurred or was about to occur",
        "parent_collection_id": null,
        "collection_id": null,
        "changes": null,
        "difficulties": null,
        "difficulties_comments": null,
        "status": null,
        "status_comments": null
      }]
    },
    "measuredata_difficulty":
    {
      "Row": [
      {
        "collection_id": 2001,
        "difficulty": 1
      },
      {
        "collection_id": null,
        "difficulty": 2
      },
      {
        "collection_id": null,
        "difficulty": 3
      },
      {
        "collection_id": null,
        "difficulty": 4
      },
      {
        "collection_id": null,
        "difficulty": 5
      },
      {
        "collection_id": null,
        "difficulty": 2
      },
      {
        "collection_id": null,
        "difficulty": 1
      },
      {
        "collection_id": null,
        "difficulty": 3
      },
      {
        "collection_id": null,
        "difficulty": 5
      },
      {
        "collection_id": null,
        "difficulty": 4
      },
      {
        "collection_id": null,
        "difficulty": 1
      },
      {
        "collection_id": null,
        "difficulty": 2
      },
      {
        "collection_id": null,
        "difficulty": 3
      },
      {
        "collection_id": null,
        "difficulty": 4
      },
      {
        "collection_id": null,
        "difficulty": 5
      },
      {
        "collection_id": null,
        "difficulty": 1
      },
      {
        "collection_id": null,
        "difficulty": 2
      },
      {
        "collection_id": null,
        "difficulty": 3
      },
      {
        "collection_id": null,
        "difficulty": 4
      },
      {
        "collection_id": null,
        "difficulty": 5
      }]
    },
    "dumping_at_sea_permits":
    {
      "Row": [
      {
        "collection_id": null,
        "parent_collection_id": null,
        "title": "1976 Protocol Article 5, Annex II",
        "permit_type": "Special Permit",
        "waste_cateogry": 1,
        "permits_number_issued": 2,
        "waste_quantity_permited": 3,
        "waste_reporting_unit": 4,
        "waste_quanity_actual": 5,
        "waste_reporting_units": null,
        "waste_reporting_units_2": 6,
        "dumping_regulated": 7,
        "notes": 8
      },
      {
        "collection_id": null,
        "parent_collection_id": null,
        "title": "1976 Protocol Article 6",
        "permit_type": "General Permit",
        "waste_cateogry": "a",
        "permits_number_issued": "b",
        "waste_quantity_permited": "c",
        "waste_reporting_unit": "z",
        "waste_quanity_actual": "d",
        "waste_reporting_units": "g",
        "waste_reporting_units_2": null,
        "dumping_regulated": "h",
        "notes": "h"
      },
      {
        "collection_id": null,
        "parent_collection_id": null,
        "title": "1976 Protocol Article 8",
        "permit_type": "Force Majeure",
        "waste_cateogry": null,
        "permits_number_issued": null,
        "waste_quantity_permited": null,
        "waste_reporting_unit": null,
        "waste_quanity_actual": null,
        "waste_reporting_units": null,
        "waste_reporting_units_2": null,
        "dumping_regulated": null,
        "notes": null
      },
      {
        "collection_id": null,
        "parent_collection_id": null,
        "title": "1976 Protocol Article 9",
        "permit_type": "Critical Situation",
        "waste_cateogry": null,
        "permits_number_issued": null,
        "waste_quantity_permited": null,
        "waste_reporting_unit": null,
        "waste_quanity_actual": null,
        "waste_reporting_units": null,
        "waste_reporting_units_2": null,
        "dumping_regulated": null,
        "notes": null
      },
      {
        "collection_id": null,
        "parent_collection_id": null,
        "title": "1995 Protocol Article 4.2.a",
        "permit_type": "Permit",
        "waste_cateogry": "Dredged Material",
        "permits_number_issued": null,
        "waste_quantity_permited": null,
        "waste_reporting_unit": null,
        "waste_quanity_actual": null,
        "waste_reporting_units": null,
        "waste_reporting_units_2": null,
        "dumping_regulated": null,
        "notes": null
      },
      {
        "collection_id": null,
        "parent_collection_id": null,
        "title": "1995 Protocol Article 4.2.b",
        "permit_type": "Permit",
        "waste_cateogry": null,
        "permits_number_issued": null,
        "waste_quantity_permited": null,
        "waste_reporting_unit": null,
        "waste_quanity_actual": null,
        "waste_reporting_units": null,
        "waste_reporting_units_2": null,
        "dumping_regulated": null,
        "notes": null
      },
      {
        "collection_id": null,
        "parent_collection_id": null,
        "title": "1995 Protocol Article 4.d",
        "permit_type": "Permit",
        "waste_cateogry": null,
        "permits_number_issued": null,
        "waste_quantity_permited": null,
        "waste_reporting_unit": null,
        "waste_quanity_actual": null,
        "waste_reporting_units": null,
        "waste_reporting_units_2": null,
        "dumping_regulated": null,
        "notes": null
      },
      {
        "collection_id": null,
        "parent_collection_id": null,
        "title": "1995 Protocol Article 4.e",
        "permit_type": "Permit",
        "waste_cateogry": null,
        "permits_number_issued": null,
        "waste_quantity_permited": null,
        "waste_reporting_unit": null,
        "waste_quanity_actual": null,
        "waste_reporting_units": null,
        "waste_reporting_units_2": null,
        "dumping_regulated": null,
        "notes": null
      },
      {
        "collection_id": null,
        "parent_collection_id": null,
        "title": "1995 Protocol Article 8",
        "permit_type": "Force Majeure",
        "waste_cateogry": null,
        "permits_number_issued": null,
        "waste_quantity_permited": null,
        "waste_reporting_unit": null,
        "waste_quanity_actual": null,
        "waste_reporting_units": null,
        "waste_reporting_units_2": null,
        "dumping_regulated": null,
        "notes": null
      },
      {
        "collection_id": null,
        "parent_collection_id": null,
        "title": "1995 Protocol Article 9",
        "permit_type": "Critical Situation",
        "waste_cateogry": null,
        "permits_number_issued": null,
        "waste_quantity_permited": null,
        "waste_reporting_unit": null,
        "waste_quanity_actual": null,
        "waste_reporting_units": null,
        "waste_reporting_units_2": null,
        "dumping_regulated": null,
        "notes": null
      }]
    },
    "quantities_dry_weight_of_dredged_material":
    {
      "Row":
      {
        "cr-tons": 12412,
        "cu-tons": 2314216,
        "pb-tons": 746,
        "ni-tons": 98,
        "zn-tons": 69,
        "oil-tons": 868,
        "pah9-tons": 89,
        "pah16-tons": 689,
        "pcb7-tons": 698,
        "hcb-kg": 68,
        "g-hch-kg": 89,
        "pp-ddt-kg": 689,
        "pp-dde-kg": 89,
        "pp-ddd-kg": 698,
        "ddx-kg": 8,
        "tbt-kg": 68,
        "dbt-kg": 96,
        "notes": 896
      }
    },
    "biennieal_summary_wastes":
    {
      "Row":
      {
        "collection_id": null,
        "parent_collection_id": null,
        "dump_site_code": 2414124,
        "dumping_map": 1,
        "dumping_sea_method": 2,
        "waste_type_sea": 3,
        "total_waste_dumped": 4,
        "waste_reporting_units": 5,
        "notes": 6
      }
    },
    "dump_sites_coordinates":
    {
      "Row":
      {
        "collection_id": null,
        "parent_collection_id": null,
        "dump_site_code": "asdssfa",
        "geodetic_datum": null,
        "dump_site_shape": null,
        "radius_of_circle": null,
        "coord_a_latitude": null,
        "coord_a_longitude": null,
        "coord_b_latitude": null,
        "coord_b_longitude": null,
        "coord_c_latitude": null,
        "coord_c_longitude": null,
        "coord_d_latitude": null,
        "coord_d_longitude": null,
        "notes": null
      }
    },
    "monitoring":
    {
      "Row":[
      {
        "collection_id": null,
        "parent_collection_id": null,
        "dump_site_code_monitore_d": 523532,
        "monitoring_conducted_rep_period": true,
        "field_monitoring_when": [2, 1, 3, 4],
        "field_monitoring_survey_type": [2, 4, 5],
        "field_monitoring_when_comments": "test",
        "adverse_impact_found": true,
        "impact_description": "fasfasf",
        "compliance_monitoring_permit": false,
        "operations_in_compliance_with_permit": false,
        "is_follow_up_planned_comments": "tsestsest",
        "is_follow_up_planned": true
      },
      {
        "collection_id": null,
        "parent_collection_id": null,
        "dump_site_code_monitore_d": 4532523,
        "monitoring_conducted_rep_period": true,
        "field_monitoring_when": [2, 1, 3, 4],
        "field_monitoring_survey_type": [2, 4, 5],
        "field_monitoring_when_comments": "2222",
        "adverse_impact_found": true,
        "impact_description": "fasfasf",
        "compliance_monitoring_permit": false,
        "operations_in_compliance_with_permit": false,
        "is_follow_up_planned_comments": "11111",
        "is_follow_up_planned": true
      }
      ]
    },
    "placement":
    {
      "Row": [
      {
        "collection_id": null,
        "parent_collection_id": null,
        "placement_site_code": 1,
        "placement_location": 2,
        "placement_purpose": 3,
        "material_characteristics_and_quantity": 4,
        "impact_hypothesis_status": 5,
        "permitting_authority_name": 6,
        "plans_for_monitoring": 7,
        "notes": 8
      },
      {
        "collection_id": null,
        "parent_collection_id": null,
        "placement_site_code": "a",
        "placement_location": "b",
        "placement_purpose": "c",
        "material_characteristics_and_quantity": "d",
        "impact_hypothesis_status": "e",
        "permitting_authority_name": "f",
        "plans_for_monitoring": "g",
        "notes": "h"
      }]
    }
  }
}
