<?xml version="1.0" encoding="UTF-8"?>
<BC_HWP xmlns="https://dd.info-rac.org/namespaces/4" xmlns:xsi="http://www.w3.org/2001/XMLSchema-instance" xsi:schemaLocation="https://dd.info-rac.org/namespaces/4 https://dd.info-rac.org/v2/dataset/19/schema-dst-19.xsd">
	<country/>
    <contacting_party>
        <partyname/>
        <rep_period_from/>
        <rep_period_to/>
        <institution_name/>
        <officer_name/>
        <mailing_address/>
        <tel/>
        <fax/>
        <email/>
        <contact_point/>
        <instituion_full_name/>
        <national_mailing_address/>
        <national_tel/>
        <national_fax/>
        <national_email/>
        <national_signature/>
        <national_date/>
        <org_name/>
        <org_contact_point/>
        <org_tel/>
        <org_fax/>
        <org_email/>
    </contacting_party>
    <measuresdata>
        <Row>
            <changes/>
            <collection_id/>
            <difficulties_comments/>
            <description/>
            <status_comments/>
            <status/>
            <parent_collection_id/>
        </Row>
    </measuresdata>
    <measuredata_difficulty>
        <Row>
            <collection_id/>
            <difficulty/>
        </Row>
    </measuredata_difficulty>

    <enf_measures>
        <Row>
            <collection_id/>
            <parent_collection_id/>
            <title/>
            <inspections_number/>
            <contraventions_number/>
            <sanctions_number/>
            <enf_measures_number/>
            <clean_measures_number/>
            <remarks/>
        </Row>
    </enf_measures>
    <total_hazardous_wastes>
        <Row>
            <collection_id/>
            <parent_collection_id/>
            <year/>
            <hazardous_waste_value/>
        </Row>
    </total_hazardous_wastes>

    <wastes_y>
        <Row>
            <collection_id/>
            <parent_collection_id/>
            <year/>
            <hazardous_waste_value/>
        </Row>
    </wastes_y>

  <export_hazardous_wastes_total>
        <Row>
            <collection_id/>
            <parent_collection_id/>
            <amounts_exported/>
            <Y0-Y45/>
            <Y46-Y47/>
            <total_amount/>
        </Row>
    </export_hazardous_wastes_total>

    <export_hazardous_wastes_y>
        <Row>
            <collection_id/>
            <parent_collection_id/>
            <title/>
            <waste_streams/>
            <un_class/>
            <h_class/>
            <characteristics/>
            <amount_exported/>
            <country_of_transit/>
            <country_of_destionation/>
            <final_disposal/>
            <recovery_operation/>
        </Row>
    </export_hazardous_wastes_y>


      <import_hazardous_wastes_total>
        <Row>
            <collection_id/>
            <parent_collection_id/>
            <amounts_imported/>
            <Y0-Y45_imported/>
            <Y46-Y47_imported/>
            <total_amount_imported/>
        </Row>
    </import_hazardous_wastes_total>

    <import_hazardous_wastes_y>
        <Row>
            <collection_id/>
            <parent_collection_id/>
            <title/>
            <waste_streams_imported/>
            <un_class_imported/>
            <h_class_imported/>
            <characteristics_imported/>
            <amount_imported/>
            <country_of_transit_imported/>
            <country_of_origin/>
            <final_disposal_imported/>
            <recovery_operation_imported/>
        </Row>
    </import_hazardous_wastes_y>


    <disposals_incidents>
        <Row>
            <collection_id/>
            <parent_collection_id/>
            <title/>
            <incident_date/>
            <countries_involved/>
            <wastes_type/>
            <wastes_amount/>
            <incident_reason/>
            <measures_taken/>
            <measures_effectiveness/>
            <remarks/>
        </Row>
    </disposals_incidents>


    <accidents_during_disposal>
        <Row>
            <collection_id/>
            <parent_collection_id/>
            <title/>
            <incident_date_place/>
            <wastes_type_movement/>
            <wastes_amount_movement/>
            <accident_type_movement/>
            <measures_taken_movement/>
            <measures_effectiveness_movement/>
            <remarks_movement/>
        </Row>
    </accidents_during_disposal>

</BC_HWP>
