<?xml version="1.0" encoding="UTF-8"?>
<NBB_Report xmlns="https://dd.info-rac.org/namespaces/4" xmlns:xsi="http://www.w3.org/2001/XMLSchema-instance" xsi:schemaLocation="https://dd.info-rac.org/schemas/nbb-dataflow https://dd.info-rac.org/schemas/nbb-dataflow/nbb-dataflow-2018.xsd">
  <country></country>
  <contacting_party>
    <partyname></partyname>
    <rep_period_from></rep_period_from>
    <rep_period_to></rep_period_to>
  </contacting_party>
  <region>
    <region_id></region_id>
    <record>
      <pollutant_id></pollutant_id>
      <budget_year></budget_year>
      <sector_id></sector_id>
      <subsector_id></subsector_id>
      <process_id></process_id>
      <facility></facility>
      <from_prtr></from_prtr>
      <estimated_on_id></estimated_on_id>
      <emission_factor_value></emission_factor_value>
      <emission_factor_unit_id></emission_factor_unit_id>
      <production_value></production_value>
      <production_unit_id></production_unit_id>
      <total_release_value></total_release_value>
      <total_release_unit_id></total_release_unit_id>
    </record>
  </region>
</NBB_Report>
