<?xml version="1.0" encoding="UTF-8"?>
<BC_LBS xmlns="https://dd.info-rac.org/namespaces/9" xmlns:xsi="http://www.w3.org/2001/XMLSchema-instance" xsi:schemaLocation="https://dd.info-rac.org/namespaces/9 https://biodiversity.eionet.europa.eu/schemas/barcelona_convention/lbs.xsd">
    <country/>
    <contacting_party>
        <partyname/>
        <rep_period_from/>
        <rep_period_to/>
        <institution_name/>
        <officer_name/>
        <mailing_address/>
        <tel/>
        <fax/>
        <email/>
        <contact_point/>
        <instituion_full_name/>
        <national_mailing_address/>
        <national_tel/>
        <national_fax/>
        <national_email/>
        <national_signature/>
        <national_date/>
        <org_name/>
        <org_contact_point/>
        <org_tel/>
        <org_fax/>
        <org_email/>
    </contacting_party>
    <measuresdata>
        <Row>
            <changes/>
            <collection_id/>
            <difficulties_comments/>
            <description/>
            <status_comments/>
            <status/>
            <parent_collection_id/>
        </Row>
    </measuresdata>
    <measuredata_difficulty>
        <Row>
            <collection_id/>
            <difficulty/>
        </Row>
    </measuredata_difficulty>
    <enforcementmeasuresdata>
        <Row>
            <collection_id/>
            <parent_collection_id/>
            <inspectionnumber/>
            <casesnumber/>
            <fineissuesnumber/>
            <suspensionsnumber/>
            <shutdownsnumber/>
            <othernumber/>
            <cleannumber/>
            <comment/>
        </Row>
    </enforcementmeasuresdata>
    <lbsinventorydata>
        <Row>
            <collection_id/>
            <pollutantgroup/>
            <activitysector/>
            <activitysubsector/>
            <reportednbb/>
            <reportedinfotypeair/>
            <airquantity/>
            <reportedinfotypewater/>
            <waterquantity/>
            <reportedinfotypesoil/>
            <soilquantity/>
        </Row>
    </lbsinventorydata>
</BC_LBS>
