{
  "BC_LBS":
  {
    "@xmlns": "https://dd.info-rac.org/namespaces/9",
    "@xmlns:xsi": "http://www.w3.org/2001/XMLSchema-instance",
    "@xsi:schemaLocation": "https://dd.info-rac.org/namespaces/9 https://dd.info-rac.org/v2/dataset/8/schema-dst-8.xsd",
    "country": "AL",
    "contacting_party":
    {
      "partyname": null,
      "rep_period_from": "275760-05-31",
      "rep_period_to": "5523-05-12",
      "institution_name": 235235325,
      "officer_name": 32523,
      "mailing_address": 23523523,
      "tel": 5235235,
      "fax": 523523,
      "email": 5235,
      "contact_point": null,
      "instituion_full_name": null,
      "national_mailing_address": null,
      "national_tel": null,
      "national_fax": null,
      "national_email": null,
      "national_signature": null,
      "national_date": null,
      "org_name": null,
      "org_contact_point": null,
      "org_tel": null,
      "org_fax": null,
      "org_email": null
    },
    "measuresdata":
    {
      "Row": [
      {
        "description": "Prohibit and/or take legal and administrative measures necessary to eliminate the production and use, import and export of POPs and their wastes (Provision that follows Article 3 of the Stockholm Convention)",
        "parent_collection_id": 406,
        "collection_id": 4010,
        "changes": true,
        "difficulties": null,
        "difficulties_comments": null,
        "status": 1,
        "status_comments": "saagas"
      },
      {
        "description": "Application of BAT and BEPs for environmentally sound management of POPs (Provision that follows Article 5 of the Stockholm Convention)",
        "parent_collection_id": 406,
        "collection_id": 4011,
        "changes": null,
        "difficulties": null,
        "difficulties_comments": null,
        "status": null,
        "status_comments": null
      },
      {
        "description": "Take appropriate measures to handle, collect, transport, store and dispose in an environmentally sound manner POPs wastes, including products and articles upon becoming wastes (Provision that follows Article 6 of the Stockholm Convention)",
        "parent_collection_id": 406,
        "collection_id": 4012,
        "changes": null,
        "difficulties": null,
        "difficulties_comments": null,
        "status": null,
        "status_comments": null
      },
      {
        "description": "Prohibit the installation of new Chlor- alkali plants using mercury cells and vinyl chloride monomer production plants using mercury as a catalyst (Article IV.1 A)",
        "parent_collection_id": 406,
        "collection_id": 4013,
        "changes": null,
        "difficulties": null,
        "difficulties_comments": null,
        "status": null,
        "status_comments": null
      },
      {
        "description": "Ensure that the releases of mercury from the activity of Chlor-alkali plants shall cease by 2020 at the latest (Article IV.A)",
        "parent_collection_id": 406,
        "collection_id": 4014,
        "changes": null,
        "difficulties": null,
        "difficulties_comments": null,
        "status": null,
        "status_comments": null
      },
      {
        "description": "Adopt National Emission Limit Values (ELVs) by 2015 and 2019 for mercury emissions based on values included in the Regional Plan on the Reduction of inputs of Mercury from other than Chlor-alkali industry (Article IV.B)",
        "parent_collection_id": 406,
        "collection_id": 4015,
        "changes": null,
        "difficulties": null,
        "difficulties_comments": null,
        "status": null,
        "status_comments": null
      },
      {
        "description": "Monitor releases of mercury into water, air and soil in order to verify compliance with the requirements of the Regional Plan (Article IV.D)",
        "parent_collection_id": 406,
        "collection_id": 4016,
        "changes": null,
        "difficulties": null,
        "difficulties_comments": null,
        "status": null,
        "status_comments": null
      },
      {
        "description": "Achieve environmental sound management of metallic mercury from the decommissioned plants (Article IV.A)",
        "parent_collection_id": 406,
        "collection_id": 4017,
        "changes": null,
        "difficulties": null,
        "difficulties_comments": null,
        "status": null,
        "status_comments": null
      },
      {
        "description": "Progressively reduce total releases of mercury (to air, water and to products) from existing Chlor-alkali plants until their final cessation with the view not to exceed 1.0g per metric tonne of installed chlorine production capacity in each plant   (Article IV.A)",
        "parent_collection_id": 406,
        "collection_id": 4018,
        "changes": null,
        "difficulties": null,
        "difficulties_comments": null,
        "status": null,
        "status_comments": null
      },
      {
        "description": "Take appropriate measures to isolate and contain mercury containing wastes (Article IV.D)",
        "parent_collection_id": 406,
        "collection_id": 4019,
        "changes": null,
        "difficulties": null,
        "difficulties_comments": null,
        "status": null,
        "status_comments": null
      },
      {
        "description": "Adopt National Emission Limit Values (ELV) for BOD5 in urban wastewater after treatment in accordance with the requirements of the Regional Plan (Article III.2 and 3)",
        "parent_collection_id": 406,
        "collection_id": 4020,
        "changes": null,
        "difficulties": null,
        "difficulties_comments": null,
        "status": null,
        "status_comments": null
      },
      {
        "description": "Monitor discharges from municipal wastewater treatment plants to verify compliance with the requirements of the Regional Plan taking into account the Guidelines  included in Appendix II to the Regional Plan (Article III.4)",
        "parent_collection_id": 406,
        "collection_id": 4021,
        "changes": null,
        "difficulties": null,
        "difficulties_comments": null,
        "status": null,
        "status_comments": null
      },
      {
        "description": "Ensure that all agglomerations of more than 2000 inhabitants collect and treat urban wastewater before discharging them into the environment (Article III, Appendix I and Appendix III).",
        "parent_collection_id": 406,
        "collection_id": 4022,
        "changes": null,
        "difficulties": null,
        "difficulties_comments": null,
        "status": null,
        "status_comments": null
      },
      {
        "description": "Establishment of ELV and authorization compatible with the operation and the emission discharge values of the urban waste water treatment plan, in case the food sector installation discharges into the sewage system (Article IV.1)",
        "parent_collection_id": 406,
        "collection_id": 4023,
        "changes": null,
        "difficulties": null,
        "difficulties_comments": null,
        "status": null,
        "status_comments": null
      },
      {
        "description": "Monitor food sector installation discharges into water to verify compliance with the requirements of the Regional Plan taking into account the Guidelines included in Appendix I to the Regional Plan (Article IV.2)",
        "parent_collection_id": 406,
        "collection_id": 4024,
        "changes": null,
        "difficulties": null,
        "difficulties_comments": null,
        "status": null,
        "status_comments": null
      },
      {
        "description": "Reduction of fraction of plastic packaging waste that goes to landfill or incineration (Article 9. Timetable- 2019)",
        "parent_collection_id": 406,
        "collection_id": 4025,
        "changes": null,
        "difficulties": null,
        "difficulties_comments": null,
        "status": null,
        "status_comments": null
      },
      {
        "description": "Ensure adequate urban sewer systems, wastewater treatment plants and waste management systems to prevent run-off and riverine inputs of marine litter(Article 9. Timetable 2020)",
        "parent_collection_id": 406,
        "collection_id": 4026,
        "changes": null,
        "difficulties": null,
        "difficulties_comments": null,
        "status": null,
        "status_comments": null
      },
      {
        "description": "Application of cost effective measures to prevent any marine littering from dredging activities (Article 9. Timetable 2020)",
        "parent_collection_id": 406,
        "collection_id": 4027,
        "changes": null,
        "difficulties": null,
        "difficulties_comments": null,
        "status": null,
        "status_comments": null
      },
      {
        "description": "Urban solid waste management is based on reduction at source with the following waste hierarchy: prevention, re-use, recycling, recovery and environmental sound disposal (Article 9. Timetable 2025)",
        "parent_collection_id": 406,
        "collection_id": 4028,
        "changes": null,
        "difficulties": null,
        "difficulties_comments": null,
        "status": null,
        "status_comments": null
      },
      {
        "description": "Enhancement of public awareness and education of pollution and involvement of various stakeholders with regard to marine litter management (Article 16. Timetable: as appropriate)",
        "parent_collection_id": 406,
        "collection_id": 4029,
        "changes": null,
        "difficulties": null,
        "difficulties_comments": null,
        "status": null,
        "status_comments": null
      },
      {
        "description": "Adopt preventive measures to minimize inputs of plastic in the marine environment (Article 9. Timetable 2017)",
        "parent_collection_id": 406,
        "collection_id": 4030,
        "changes": null,
        "difficulties": null,
        "difficulties_comments": null,
        "status": null,
        "status_comments": null
      },
      {
        "description": "Implement programmes on regular removal and sound disposal of accumulations/hotspots of marine litter (Article 10. Timetable 2019)",
        "parent_collection_id": 406,
        "collection_id": 4031,
        "changes": null,
        "difficulties": null,
        "difficulties_comments": null,
        "status": null,
        "status_comments": null
      },
      {
        "description": "Remove existing accumulated litter from Specially Protected Areas of Mediterranean Importance (SPAMI) and litter impacting endangered species listed in Annexes II and III of the SPA and Biodiversity Protocol (Article 10. Timetable 2019)",
        "parent_collection_id": 406,
        "collection_id": 4032,
        "changes": null,
        "difficulties": null,
        "difficulties_comments": null,
        "status": null,
        "status_comments": null
      },
      {
        "description": "Close to the extent possible existing illegal solid waste dump sites (Article 9. Timetable 2020)",
        "parent_collection_id": 406,
        "collection_id": 4033,
        "changes": null,
        "difficulties": null,
        "difficulties_comments": null,
        "status": null,
        "status_comments": null
      },
      {
        "description": "Explore an implement National Marine Litter Cleanup Campaigns, participate in international Coastal Cleanup Campaigns and Programmes, apply Adopt a Beach or similar practices and apply Fishing for Litter practices (Article 10. Timetable 2019)",
        "parent_collection_id": 406,
        "collection_id": 4034,
        "changes": null,
        "difficulties": null,
        "difficulties_comments": null,
        "status": null,
        "status_comments": null
      },
      {
        "description": "Explore and implement a No-Special - Fee System in port facilities used for implementing the measures provided for in Article 10 of the Regional Plan on removing existing marine litter and its environmentally sound disposal (Article 10. Timetable 2019)",
        "parent_collection_id": 406,
        "collection_id": 4035,
        "changes": null,
        "difficulties": null,
        "difficulties_comments": null,
        "status": null,
        "status_comments": null
      },
      {
        "description": "Food, Fisheries and Agriculture (FFA): Adoption and implementation of Good Agricultural Practices (GAP) in line with the EcAP ecological objectives and ICZM guidelines",
        "parent_collection_id": 406,
        "collection_id": 4036,
        "changes": null,
        "difficulties": null,
        "difficulties_comments": null,
        "status": null,
        "status_comments": null
      },
      {
        "description": "Food, Fisheries and Agriculture (FFA): Adoption and implementation of Sustainable Fishing Practices, in line with the EcAP ecological objectives and ICZM guidelines",
        "parent_collection_id": 406,
        "collection_id": 4037,
        "changes": null,
        "difficulties": null,
        "difficulties_comments": null,
        "status": null,
        "status_comments": null
      },
      {
        "description": "Food, Fisheries and Agriculture (FFA): Establishment of certification schemes (eco- labels) that confirm the sustainable production of food and fisheries products.",
        "parent_collection_id": 406,
        "collection_id": 4038,
        "changes": null,
        "difficulties": null,
        "difficulties_comments": null,
        "status": null,
        "status_comments": null
      },
      {
        "description": "Food, Fisheries and Agriculture (FFA): Adoption of Sustainable Public Procurement (SPP) schemes for food and fisheries products.",
        "parent_collection_id": 406,
        "collection_id": 4039,
        "changes": null,
        "difficulties": null,
        "difficulties_comments": null,
        "status": null,
        "status_comments": null
      },
      {
        "description": "Food, Fisheries and Agriculture (FFA): Adoption of measures in the field of communication and education to promote the consumption of sustainable, healthy and local food",
        "parent_collection_id": 406,
        "collection_id": 4040,
        "changes": null,
        "difficulties": null,
        "difficulties_comments": null,
        "status": null,
        "status_comments": null
      },
      {
        "description": "Goods Manufacturing: Adoption of measures to implement the waste management hierarchy, develop extended produced responsibility schemes, and encourage circular economy",
        "parent_collection_id": 406,
        "collection_id": 4041,
        "changes": null,
        "difficulties": null,
        "difficulties_comments": null,
        "status": null,
        "status_comments": null
      },
      {
        "description": "Goods Manufacturing: Development of policy instruments to support the private sector in the sustainable design, production and use of manufactured goods",
        "parent_collection_id": 406,
        "collection_id": 4042,
        "changes": null,
        "difficulties": null,
        "difficulties_comments": null,
        "status": null,
        "status_comments": null
      },
      {
        "description": "Goods Manufacturing: Adoption and implementation of Sustainable Public Procurement (SPP) in the Goods Manufacturing Sector",
        "parent_collection_id": 406,
        "collection_id": 4043,
        "changes": null,
        "difficulties": null,
        "difficulties_comments": null,
        "status": null,
        "status_comments": null
      },
      {
        "description": "Goods Manufacturing: Establishment of certification schemes (eco-labels) for manufactured goods and awareness raising among the population on the consumption of eco-labelled goods",
        "parent_collection_id": 406,
        "collection_id": 4044,
        "changes": null,
        "difficulties": null,
        "difficulties_comments": null,
        "status": null,
        "status_comments": null
      },
      {
        "description": "Tourism: Creation of eco-taxes, eco-charges or fees to internalize externalities of tourism activities",
        "parent_collection_id": 406,
        "collection_id": 4045,
        "changes": null,
        "difficulties": null,
        "difficulties_comments": null,
        "status": null,
        "status_comments": null
      },
      {
        "description": "Tourism: Revision of the current national tourism legislation to integrate sustainable principle and measures",
        "parent_collection_id": 406,
        "collection_id": 4046,
        "changes": null,
        "difficulties": null,
        "difficulties_comments": null,
        "status": null,
        "status_comments": null
      },
      {
        "description": "Tourism: Adoption of measures to promote the diversification of the tourism offer from mass tourism to alternative forms of tourism",
        "parent_collection_id": 406,
        "collection_id": 4047,
        "changes": null,
        "difficulties": null,
        "difficulties_comments": null,
        "status": null,
        "status_comments": null
      },
      {
        "description": "Tourism: Adoption of measures to promote tourism eco-labels and facilitate their award by tourist facilities.",
        "parent_collection_id": 406,
        "collection_id": 4048,
        "changes": null,
        "difficulties": null,
        "difficulties_comments": null,
        "status": null,
        "status_comments": null
      },
      {
        "description": "Housing and Construction: Develop measures to support sustainable coastal urban development and green construction, taking into account the entire life cycle of buildings.",
        "parent_collection_id": 406,
        "collection_id": 4049,
        "changes": null,
        "difficulties": null,
        "difficulties_comments": null,
        "status": null,
        "status_comments": null
      },
      {
        "description": "Housing and Construction: Promote sustainable public procurement in the public housing and construction sector",
        "parent_collection_id": 406,
        "collection_id": 4050,
        "changes": null,
        "difficulties": null,
        "difficulties_comments": null,
        "status": null,
        "status_comments": null
      },
      {
        "description": "Action Plans, programmes and measures (the NAPs and the SAPs) to eliminate pollution from LBS activities particularly regarding the phasing out of inputs of the substances listed in Annex I to the Protocol that are toxic, persistent and liable to bioaccumulate, using BAT and BEP",
        "parent_collection_id": 402,
        "collection_id": 4001,
        "changes": true,
        "difficulties": null,
        "difficulties_comments": null,
        "status": 2,
        "status_comments": null
      },
      {
        "description": "Priorities and timetables for implementing the action plans, programmes and measures adopted taking into account the elements set out in Annex I to the Protocol and periodically updated",
        "parent_collection_id": 402,
        "collection_id": 4002,
        "changes": null,
        "difficulties": null,
        "difficulties_comments": null,
        "status": null,
        "status_comments": null
      },
      {
        "description": "Preventive measures taken to reduce to a minimum the risk of pollution caused by accidents",
        "parent_collection_id": 402,
        "collection_id": 4003,
        "changes": false,
        "difficulties": null,
        "difficulties_comments": "fsafa123",
        "status": 1,
        "status_comments": "safas"
      },
      {
        "description": "Point source discharges into the Protocol Area and releases into water and/or air that reach and may affect the Mediterranean Area are strictly subject to authorization or regulation by the competent national authority or authorities",
        "parent_collection_id": 402,
        "collection_id": 4004,
        "changes": null,
        "difficulties": null,
        "difficulties_comments": null,
        "status": null,
        "status_comments": null
      },
      {
        "description": "Establishment of inspection systems for the competent national authority or authorities to assess compliance with authorizations and regulations",
        "parent_collection_id": 402,
        "collection_id": 4005,
        "changes": null,
        "difficulties": null,
        "difficulties_comments": null,
        "status": null,
        "status_comments": null
      },
      {
        "description": "Application of appropriate sanctions in the event of non- compliance with authorizations and/or regulations",
        "parent_collection_id": 402,
        "collection_id": 4006,
        "changes": null,
        "difficulties": null,
        "difficulties_comments": null,
        "status": null,
        "status_comments": null
      },
      {
        "description": "Implementation of common measures for the control of pollution adopted by the Meeting of the Contracting Parties, including the implementation of measures provided for in Regional Actions Plans",
        "parent_collection_id": 402,
        "collection_id": 4007,
        "changes": null,
        "difficulties": null,
        "difficulties_comments": null,
        "status": null,
        "status_comments": null
      },
      {
        "description": "Monitoring programmes and activities carried out to assess, as far as possible, the levels of pollution along the coast in particular with regard to the sectors of activity and categories of substances listed in Annex I to the Protocol",
        "parent_collection_id": 402,
        "collection_id": 4008,
        "changes": null,
        "difficulties": null,
        "difficulties_comments": null,
        "status": null,
        "status_comments": null
      },
      {
        "description": "Monitoring programmes and activities carried out to evaluate the effectiveness of action plans, programmes and measures under this Protocol (the NAPs and the SAPs) to eliminate to the fullest possible extent pollution of the marine environment",
        "parent_collection_id": 402,
        "collection_id": 4009,
        "changes": null,
        "difficulties": null,
        "difficulties_comments": null,
        "status": null,
        "status_comments": null
      },
      {
        "description": "Provide XX% of agglomerations in excess of 2000 inhabitants with wastewater collection and treatment",
        "parent_collection_id": 408,
        "collection_id": 4051,
        "changes": true,
        "difficulties": null,
        "difficulties_comments": null,
        "status": 1,
        "status_comments": null
      },
      {
        "description": "Reduce by XX% of BOD discharged to water bodies",
        "parent_collection_id": 408,
        "collection_id": 4052,
        "changes": null,
        "difficulties": null,
        "difficulties_comments": null,
        "status": 2,
        "status_comments": null
      },
      {
        "description": "Reduce discharge of hazardous substances from industrial plants (apply BAT/BEP) by XX% or dispose in a safe manner",
        "parent_collection_id": 408,
        "collection_id": 4053,
        "changes": null,
        "difficulties": null,
        "difficulties_comments": null,
        "status": null,
        "status_comments": null
      },
      {
        "description": "Provide for the collection of XX% of solid waste",
        "parent_collection_id": 408,
        "collection_id": 4054,
        "changes": null,
        "difficulties": null,
        "difficulties_comments": null,
        "status": null,
        "status_comments": null
      },
      {
        "description": "Construct XX municipal solid waste landfills",
        "parent_collection_id": 408,
        "collection_id": 4055,
        "changes": null,
        "difficulties": null,
        "difficulties_comments": null,
        "status": null,
        "status_comments": null
      },
      {
        "description": "Adopt good practices in solid waste management including waste reduction, sorting, recycling, recovery, and reuse",
        "parent_collection_id": 408,
        "collection_id": 4056,
        "changes": null,
        "difficulties": null,
        "difficulties_comments": null,
        "status": null,
        "status_comments": null
      },
      {
        "description": "Regulate/reduce usage/ discharge of XX% of fraction of plastics",
        "parent_collection_id": 408,
        "collection_id": 4057,
        "changes": null,
        "difficulties": null,
        "difficulties_comments": null,
        "status": null,
        "status_comments": null
      },
      {
        "description": "Close/ remediate XX% of illegal solid waste dump sites",
        "parent_collection_id": 408,
        "collection_id": 4058,
        "changes": null,
        "difficulties": null,
        "difficulties_comments": null,
        "status": null,
        "status_comments": null
      },
      {
        "description": null,
        "parent_collection_id": 410,
        "collection_id": 4059,
        "changes": true,
        "difficulties": null,
        "difficulties_comments": "asgasg",
        "status": 1,
        "status_comments": null
      },
      {
        "description": null,
        "parent_collection_id": 410,
        "collection_id": 4060,
        "changes": null,
        "difficulties": null,
        "difficulties_comments": null,
        "status": null,
        "status_comments": null
      },
      {
        "description": null,
        "parent_collection_id": 410,
        "collection_id": 4061,
        "changes": null,
        "difficulties": null,
        "difficulties_comments": null,
        "status": null,
        "status_comments": null
      },
      {
        "description": null,
        "parent_collection_id": 410,
        "collection_id": 4062,
        "changes": null,
        "difficulties": null,
        "difficulties_comments": null,
        "status": null,
        "status_comments": null
      }]
    },
    "measuredata_difficulty":
    {
      "Row": [
      {
        "collection_id": 4010,
        "difficulty": 2
      },
      {
        "collection_id": 4010,
        "difficulty": 1
      },
      {
        "collection_id": 4010,
        "difficulty": 4
      },
      {
        "collection_id": 4010,
        "difficulty": 3
      },
      {
        "collection_id": 4010,
        "difficulty": 5
      },
      {
        "collection_id": 4001,
        "difficulty": 1
      },
      {
        "collection_id": 4001,
        "difficulty": 4
      },
      {
        "collection_id": 4001,
        "difficulty": 5
      },
      {
        "collection_id": 4001,
        "difficulty": 3
      },
      {
        "collection_id": 4001,
        "difficulty": 2
      },
      {
        "collection_id": 4003,
        "difficulty": 1
      },
      {
        "collection_id": 4003,
        "difficulty": 2
      },
      {
        "collection_id": 4003,
        "difficulty": 3
      },
      {
        "collection_id": 4003,
        "difficulty": 4
      },
      {
        "collection_id": 4003,
        "difficulty": 5
      },
      {
        "collection_id": 4051,
        "difficulty": 1
      },
      {
        "collection_id": 4051,
        "difficulty": 4
      },
      {
        "collection_id": 4059,
        "difficulty": 3
      },
      {
        "collection_id": 4059,
        "difficulty": 5
      },
      {
        "collection_id": 4059,
        "difficulty": 4
      }]
    },
    "enforcementmeasuresdata":
    {
      "Row": [
      {
        "description": "National legislation and regulations implementing the Protocol (Article 6)",
        "parent_collection_id": 412,
        "collection_id": 69961,
        "inspectionnumber": 1,
        "casesnumber": 2,
        "fineissuesnumber": 3,
        "suspensionsnumber": 4,
        "shutdownsnumber": 5,
        "othernumber": 6,
        "cleannumber": 7,
        "comment": 8
      },
      {
        "description": "Specific conditions attached to authorizations or permits (Article 6)",
        "parent_collection_id": 412,
        "collection_id": 69962,
        "inspectionnumber": 4325,
        "casesnumber": 523523,
        "fineissuesnumber": 53253,
        "suspensionsnumber": null,
        "shutdownsnumber": null,
        "othernumber": null,
        "cleannumber": null,
        "comment": null
      }]
    },
    "lbsinventorydata":
    {
      "Row": [
      {
        "parent_collection_id": 4,
        "collection_id": 404,
        "pollutantgroup": 14,
        "reportednbb": false,
        "description": "Pollutant Group: Organohalogen compounds <small class=\"text-muted\">(Annex I to the LBS Protocol)</small>",
        "activitysector": 14,
        "activitysubsector": 1,
        "reportedinfotypeair": "C",
        "airquantity": 12,
        "reportedinfotypewater": "C",
        "waterquantity": 21414,
        "reportedinfotypesoil": "C",
        "soilquantity": 124214
      },
      {
        "parent_collection_id": 4,
        "collection_id": 404,
        "pollutantgroup": 9,
        "reportednbb": false,
        "description": "Pollutant Group: Organophosphorus compounds <small class=\"text-muted\">(Annex I to the LBS Protocol)</small>",
        "activitysector": 6,
        "activitysubsector": 2,
        "reportedinfotypeair": "E",
        "airquantity": 1414,
        "reportedinfotypewater": "E",
        "waterquantity": 4124,
        "reportedinfotypesoil": "M",
        "soilquantity": 412421
      },
      {
        "parent_collection_id": 4,
        "collection_id": 404,
        "reportednbb": false,
        "description": "Pollutant Group: Organotin compounds <small class=\"text-muted\">(Annex I to the LBS Protocol)</small>",
        "airquantity": null,
        "waterquantity": null,
        "soilquantity": null
      },
      {
        "parent_collection_id": 4,
        "collection_id": 404,
        "reportednbb": false,
        "description": "Pollutant Group: Polycyclic aromatic hydrocarbons <small class=\"text-muted\">(Annex I to the LBS Protocol)</small>",
        "airquantity": null,
        "waterquantity": null,
        "soilquantity": null
      },
      {
        "parent_collection_id": 4,
        "collection_id": 404,
        "reportednbb": false,
        "description": "Pollutant Group: Heavy metals and their compounds <small class=\"text-muted\">(Annex I to the LBS Protocol)</small>",
        "airquantity": null,
        "waterquantity": null,
        "soilquantity": null
      },
      {
        "parent_collection_id": 4,
        "collection_id": 404,
        "reportednbb": false,
        "description": "Pollutant Group: Used lubricating oils <small class=\"text-muted\">(Annex I to the LBS Protocol)</small>",
        "airquantity": null,
        "waterquantity": null,
        "soilquantity": null
      },
      {
        "parent_collection_id": 4,
        "collection_id": 404,
        "reportednbb": false,
        "description": "Pollutant Group: Radioactive substances, including their wastes <small class=\"text-muted\">(Annex I to the LBS Protocol)</small>",
        "airquantity": null,
        "waterquantity": null,
        "soilquantity": null
      },
      {
        "parent_collection_id": 4,
        "collection_id": 404,
        "reportednbb": false,
        "description": "Pollutant Group: Biocides and their derivatives <small class=\"text-muted\">(Annex I to the LBS Protocol)</small>",
        "airquantity": null,
        "waterquantity": null,
        "soilquantity": null
      },
      {
        "parent_collection_id": 4,
        "collection_id": 404,
        "reportednbb": false,
        "description": "Pollutant Group: Crude oils and hydrocarbons of petroleum origin <small class=\"text-muted\">(Annex I to the LBS Protocol)</small>",
        "airquantity": null,
        "waterquantity": null,
        "soilquantity": null
      },
      {
        "parent_collection_id": 4,
        "collection_id": 404,
        "reportednbb": false,
        "description": "Pollutant Group: Cyanides and fluorides <small class=\"text-muted\">(Annex I to the LBS Protocol)</small>",
        "airquantity": null,
        "waterquantity": null,
        "soilquantity": null
      },
      {
        "parent_collection_id": 4,
        "collection_id": 404,
        "reportednbb": false,
        "description": "Pollutant Group: Non-biodegradable detergents and surface-active substances <small class=\"text-muted\">(Annex I to the LBS Protocol)</small>",
        "airquantity": null,
        "waterquantity": null,
        "soilquantity": null
      },
      {
        "parent_collection_id": 4,
        "collection_id": 404,
        "reportednbb": false,
        "description": "Pollutant Group: Compounds of nitrogen and phosphorus <small class=\"text-muted\">(Annex I to the LBS Protocol)</small>",
        "airquantity": null,
        "waterquantity": null,
        "soilquantity": null
      },
      {
        "parent_collection_id": 4,
        "collection_id": 404,
        "reportednbb": false,
        "description": "Pollutant Group: Litter, persistent or processed solid material <small class=\"text-muted\">(Annex I to the LBS Protocol)</small>",
        "airquantity": null,
        "waterquantity": null,
        "soilquantity": null
      },
      {
        "parent_collection_id": 4,
        "collection_id": 404,
        "reportednbb": false,
        "description": "Pollutant Group: Acid or alkaline compounds <small class=\"text-muted\">(Annex I to the LBS Protocol)</small>",
        "airquantity": null,
        "waterquantity": null,
        "soilquantity": null
      },
      {
        "parent_collection_id": 4,
        "collection_id": 404,
        "reportednbb": false,
        "description": "Pollutant Group: Non-toxic substances that have an adverse effect on the oxygen balance <small class=\"text-muted\">(Annex I to the LBS Protocol)</small>",
        "airquantity": null,
        "waterquantity": null,
        "soilquantity": null
      },
      {
        "parent_collection_id": 4,
        "collection_id": 404,
        "reportednbb": false,
        "description": "Pollutant Group: Non-toxic substances that have adverse effects on the physical or chemical characteristics of seawater <small class=\"text-muted\">(Annex I to the LBS Protocol)</small>",
        "airquantity": null,
        "waterquantity": null,
        "soilquantity": null
      }]
    }
  }
}
