<?xml version="1.0" encoding="UTF-8"?>
<BC_SPA xmlns="https://dd.info-rac.org/namespaces/4" xmlns:xsi="http://www.w3.org/2001/XMLSchema-instance" xsi:schemaLocation="https://dd.info-rac.org/namespaces/4 https://dd.info-rac.org/v2/dataset/17/schema-dst-17.xsd">
	<country/>
    <contacting_party>
        <partyname/>
        <rep_period_from/>
        <rep_period_to/>
        <institution_name/>
        <officer_name/>
        <mailing_address/>
        <tel/>
        <fax/>
        <email/>
        <contact_point/>
        <instituion_full_name/>
        <national_mailing_address/>
        <national_tel/>
        <national_fax/>
        <national_email/>
        <national_signature/>
        <national_date/>
        <org_name/>
        <org_contact_point/>
        <org_tel/>
        <org_fax/>
        <org_email/>
    </contacting_party>
    <measuresdata>
        <Row>
            <changes/>
            <collection_id/>
            <difficulties_comments/>
            <description/>
            <status_comments/>
            <status/>
            <parent_collection_id/>
        </Row>
    </measuresdata>
    <measuredata_difficulty>
        <Row>
            <collection_id/>
            <difficulty/>
        </Row>
    </measuredata_difficulty>
    <management_plans_imp>
        <Row>
            <collection_id/>
            <parent_collection_id/>
            <description/>
            <spa_name/>
            <protection_measures/>
            <difficulties/>
        </Row>
    </management_plans_imp>
    <spamis>
    </spamis>
    <enf_measures>
        <Row>
            <collection_id/>
            <parent_collection_id/>
            <description/>
            <inspections/>
            <non_compliance/>
            <total_amount/>
            <remarks/>
        </Row>
    </enf_measures>
    <spa>
        <Row>
            <collection_id/>
            <parent_collection_id/>
            <description/>
            <spa_name/>
            <date/>
            <category/>
            <jurisdiction/>
            <coordinates/>
            <surface/>
            <ecosystems/>
            <management/>
            <dateofadoption/>
        </Row>
    </spa>
    <measures_to_protect_species>
    	<Row>
    		<collection_id/>
            <parent_collection_id/>
            <comments/>
            <posidonia_oceania/>
            <xiphias_gladius/>
    	</Row>
    </measures_to_protect_species>
</BC_SPA>
