<?xml version="1.0" encoding="UTF-8"?>
<BC_OP xmlns="https://dd.info-rac.org/namespaces/4" xmlns:xsi="http://www.w3.org/2001/XMLSchema-instance" xsi:schemaLocation="https://dd.info-rac.org/namespaces/4 https://dd.info-rac.org/v2/dataset/21/schema-dst-21.xsd">
	<country/>
    <contacting_party>
        <partyname/>
        <rep_period_from/>
        <rep_period_to/>
        <institution_name/>
        <officer_name/>
        <mailing_address/>
        <tel/>
        <fax/>
        <email/>
        <contact_point/>
        <instituion_full_name/>
        <national_mailing_address/>
        <national_tel/>
        <national_fax/>
        <national_email/>
        <national_signature/>
        <national_date/>
        <org_name/>
        <org_contact_point/>
        <org_tel/>
        <org_fax/>
        <org_email/>
    </contacting_party>
    <measuresdata>
        <Row>
            <changes/>
            <collection_id/>
            <difficulties_comments/>
            <description/>
            <status_comments/>
            <status/>
            <parent_collection_id/>
        </Row>
    </measuresdata>
    <measuredata_difficulty>
        <Row>
            <collection_id/>
            <difficulty/>
        </Row>
    </measuredata_difficulty>
    <permits_and_quantities>
        <Row>
            <collection_id/>
            <parent_collection_id/>
            <title/>
            <permit_type/>
            <waste_cateogry/>
            <waste_quantity_permited/>
            <waste_reporting_unit/>
            <waste_quanity_actual/>
            <waste_reporting_units/>
            <dumping_regulated/>
            <notes/>
        </Row>
    </permits_and_quantities>
    <enf_measures>
        <Row>
            <collection_id/>
            <parent_collection_id/>
            <title/>
            <inspections/>
            <non_compliance/>
            <suspensions/>
            <shutdowns/>
            <enforcement/>
            <implemented/>
            <remarks/>
        </Row>
    </enf_measures>
    <inventory_offshore_installations>
        <Row>
            <collection_id/>
            <parent_collection_id/>
            <title/>
            <operator/>
            <production_start/>
            <current_status/>
            <primary_production/>
            <category/>
            <weight_substructure/>
            <weight_topside/>
            <remarks/>
        </Row>
    </inventory_offshore_installations>
</BC_OP>
